player_name,probability
Goga Bitadze,0.5856442317166779
Dru Smith,0.09151383293542392
Kel'el Ware,0.07432206612720722
Cason Wallace,0.06441303047519718
Derrick White,0.037006412773847995
Myles Turner,0.03134985863582504
Jay Huff,0.028849609054563904
Anthony Black,0.02107626971190641
Jaylin Williams,0.01193480402141599
Josh Minott,0.009925874315745457
